Symbol,Company Name,ISIN Code,Instrument Key,Instrument Type,Security Type,Lot Size,Tick Size
360ONE,360 ONE WAM LIMITED,INE466L01038,NSE_EQ|INE466L01038,EQ,NORMAL,1,10.0
3MINDIA,3M INDIA LIMITED,INE470A01017,NSE_EQ|INE470A01017,EQ,NORMAL,1,500.0
AADHARHFC,AADHAR HOUSING FINANCE L,INE883F01010,NSE_EQ|INE883F01010,EQ,NORMAL,1,5.0
AARTIIND,AARTI INDUSTRIES LTD,INE769A01020,NSE_EQ|INE769A01020,EQ,NORMAL,1,5.0
AAVAS,AAVAS FINANCIERS LIMITED,INE216P01012,NSE_EQ|INE216P01012,EQ,NORMAL,1,10.0
ABB,ABB INDIA LIMITED,INE117A01022,NSE_EQ|INE117A01022,EQ,NORMAL,1,50.0
ABBOTINDIA,ABBOTT INDIA LIMITED,INE358A01014,NSE_EQ|INE358A01014,EQ,NORMAL,1,500.0
ABCAPITAL,ADITYA BIRLA CAPITAL LTD.,INE674K01013,NSE_EQ|INE674K01013,EQ,NORMAL,1,5.0
ABDL,ALLIED BLEND N DISTILS L,INE552Z01027,NSE_EQ|INE552Z01027,EQ,NORMAL,1,5.0
ABFRL,ADITYA BIRLA FASHION & RT,INE647O01011,NSE_EQ|INE647O01011,EQ,NORMAL,1,1.0
ABLBL,ADITYA BIRLA LIFES BRAN L,INE14LE01019,NSE_EQ|INE14LE01019,EQ,NORMAL,1,1.0
ABREL,ADITYA BIRLA REAL EST LTD,INE055A01016,NSE_EQ|INE055A01016,EQ,NORMAL,1,10.0
ABSLAMC,ADIT BIRL SUN LIF AMC LTD,INE404A01024,NSE_EQ|INE404A01024,EQ,NORMAL,1,10.0
ACC,ACC LIMITED,INE012A01025,NSE_EQ|INE012A01025,EQ,NORMAL,1,10.0
ACE,ACTION CONST EQUIP LTD,INE731H01025,NSE_EQ|INE731H01025,EQ,NORMAL,1,10.0
ACMESOLAR,ACME SOLAR HOLDINGS LTD,INE622W01025,NSE_EQ|INE622W01025,EQ,NORMAL,1,5.0
ACUTAAS,ACUTAAS CHEMICALS LIMITED,INE00FF01025,NSE_EQ|INE00FF01025,EQ,NORMAL,1,10.0
ADANIENSOL,ADANI ENERGY SOLUTION LTD,INE931S01010,NSE_EQ|INE931S01010,EQ,NORMAL,1,10.0
ADANIENT,ADANI ENTERPRISES LIMITED,INE423A01024,NSE_EQ|INE423A01024,EQ,NORMAL,1,10.0
ADANIGREEN,ADANI GREEN ENERGY LTD,INE364U01010,NSE_EQ|INE364U01010,EQ,NORMAL,1,10.0
ADANIPORTS,ADANI PORT & SEZ LTD,INE742F01042,NSE_EQ|INE742F01042,EQ,NORMAL,1,10.0
ADANIPOWER,ADANI POWER LTD,INE814H01029,NSE_EQ|INE814H01029,EQ,NORMAL,1,1.0
AEGISLOG,AEGIS LOGISTICS LIMITED,INE208C01025,NSE_EQ|INE208C01025,EQ,NORMAL,1,10.0
AEGISVOPAK,AEGIS VOPAK TERMINALS LTD,INE0INX01018,NSE_EQ|INE0INX01018,EQ,NORMAL,1,5.0
AFCONS,AFCONS INFRASTRUCTURE LTD,INE101I01011,NSE_EQ|INE101I01011,EQ,NORMAL,1,5.0
AFFLE,AFFLE 3I LIMITED,INE00WC01027,NSE_EQ|INE00WC01027,EQ,NORMAL,1,10.0
AIAENG,AIA ENGINEERING LIMITED,INE212H01026,NSE_EQ|INE212H01026,EQ,NORMAL,1,10.0
AIIL,AUTHUM INVEST & INFRA LTD,INE206F01022,NSE_EQ|INE206F01022,EQ,NORMAL,1,5.0
AJANTPHARM,AJANTA PHARMA LIMITED,INE031B01049,NSE_EQ|INE031B01049,EQ,NORMAL,1,10.0
ALKEM,ALKEM LABORATORIES LTD.,INE540L01014,NSE_EQ|INE540L01014,EQ,NORMAL,1,50.0
AMBER,AMBER ENTERPRISES (I) LTD,INE371P01015,NSE_EQ|INE371P01015,EQ,NORMAL,1,50.0
AMBUJACEM,AMBUJA CEMENTS LTD,INE079A01024,NSE_EQ|INE079A01024,EQ,NORMAL,1,5.0
ANANDRATHI,ANAND RATHI WEALTH LTD,INE463V01026,NSE_EQ|INE463V01026,EQ,NORMAL,1,10.0
ANANTRAJ,ANANT RAJ LIMITED,INE242C01024,NSE_EQ|INE242C01024,EQ,NORMAL,1,5.0
ANGELONE,ANGEL ONE LIMITED,INE732I01021,NSE_EQ|INE732I01021,EQ,NORMAL,1,5.0
ANTHEM,ANTHEM BIOSCIENCES LTD,INE0CZ201020,NSE_EQ|INE0CZ201020,EQ,NORMAL,1,5.0
ANURAS,ANUPAM RASAYAN INDIA LTD,INE930P01018,NSE_EQ|INE930P01018,EQ,NORMAL,1,10.0
APARINDS,APAR INDUSTRIES LTD.,INE372A01015,NSE_EQ|INE372A01015,EQ,NORMAL,1,100.0
APLAPOLLO,APL APOLLO TUBES LTD,INE702C01027,NSE_EQ|INE702C01027,EQ,NORMAL,1,10.0
APOLLOHOSP,APOLLO HOSPITALS ENTER. L,INE437A01024,NSE_EQ|INE437A01024,EQ,NORMAL,1,50.0
APOLLOTYRE,APOLLO TYRES LTD,INE438A01022,NSE_EQ|INE438A01022,EQ,NORMAL,1,5.0
APTUS,APTUS VALUE HSG FIN I LTD,INE852O01025,NSE_EQ|INE852O01025,EQ,NORMAL,1,5.0
ARE&M,AMARA RAJA ENERGY MOB LTD,INE885A01032,NSE_EQ|INE885A01032,EQ,NORMAL,1,5.0
ASAHIINDIA,ASAHI INDIA GLASS LIMITED,INE439A01020,NSE_EQ|INE439A01020,EQ,NORMAL,1,5.0
ASHOKLEY,ASHOK LEYLAND LTD,INE208A01029,NSE_EQ|INE208A01029,EQ,NORMAL,1,1.0
ASIANPAINT,ASIAN PAINTS LIMITED,INE021A01026,NSE_EQ|INE021A01026,EQ,NORMAL,1,10.0
ASTERDM,ASTER DM QUALITY CARE LTD,INE914M01019,NSE_EQ|INE914M01019,EQ,NORMAL,1,5.0
ASTRAL,ASTRAL LIMITED,INE006I01046,NSE_EQ|INE006I01046,EQ,NORMAL,1,10.0
ATGL,ADANI TOTAL GAS LIMITED,INE399L01023,NSE_EQ|INE399L01023,EQ,NORMAL,1,5.0
ATHERENERG,ATHER ENERGY LIMITED,INE0LEZ01016,NSE_EQ|INE0LEZ01016,EQ,NORMAL,1,10.0
ATUL,ATUL LTD,INE100A01010,NSE_EQ|INE100A01010,EQ,NORMAL,1,50.0
AUBANK,AU SMALL FINANCE BANK LTD,INE949L01017,NSE_EQ|INE949L01017,EQ,NORMAL,1,10.0
AUROPHARMA,AUROBINDO PHARMA LTD,INE406A01037,NSE_EQ|INE406A01037,EQ,NORMAL,1,10.0
AWL,AWL AGRI BUSINESS LIMITED,INE699H01024,NSE_EQ|INE699H01024,EQ,NORMAL,1,1.0
AXISBANK,AXIS BANK LIMITED,INE238A01034,NSE_EQ|INE238A01034,EQ,NORMAL,1,10.0
BAJAJ-AUTO,BAJAJ AUTO LIMITED,INE917I01010,NSE_EQ|INE917I01010,EQ,NORMAL,1,100.0
BAJAJFINSV,BAJAJ FINSERV LTD.,INE918I01026,NSE_EQ|INE918I01026,EQ,NORMAL,1,10.0
BAJAJHFL,BAJAJ HOUSING FINANCE LTD,INE377Y01014,NSE_EQ|INE377Y01014,EQ,NORMAL,1,1.0
BAJAJHLDNG,BAJAJ HOLDINGS & INVS LTD,INE118A01012,NSE_EQ|INE118A01012,EQ,NORMAL,1,100.0
BAJFINANCE,BAJAJ FINANCE LIMITED,INE296A01032,NSE_EQ|INE296A01032,EQ,NORMAL,1,10.0
BALKRISIND,BALKRISHNA IND. LTD,INE787D01026,NSE_EQ|INE787D01026,EQ,NORMAL,1,10.0
BALRAMCHIN,BALRAMPUR CHINI MILLS LTD,INE119A01028,NSE_EQ|INE119A01028,EQ,NORMAL,1,5.0
BANDHANBNK,BANDHAN BANK LIMITED,INE545U01014,NSE_EQ|INE545U01014,EQ,NORMAL,1,1.0
BANKBARODA,BANK OF BARODA,INE028A01039,NSE_EQ|INE028A01039,EQ,NORMAL,1,1.0
BANKINDIA,BANK OF INDIA,INE084A01016,NSE_EQ|INE084A01016,EQ,NORMAL,1,1.0
BATAINDIA,BATA INDIA LTD,INE176A01028,NSE_EQ|INE176A01028,EQ,NORMAL,1,5.0
BAYERCROP,BAYER CROPSCIENCE LTD,INE462A01022,NSE_EQ|INE462A01022,EQ,NORMAL,1,10.0
BBTC,BOMBAY BURMAH TRADING COR,INE050A01025,NSE_EQ|INE050A01025,EQ,NORMAL,1,10.0
BDL,BHARAT DYNAMICS LIMITED,INE171Z01026,NSE_EQ|INE171Z01026,EQ,NORMAL,1,10.0
BEL,BHARAT ELECTRONICS LTD,INE263A01024,NSE_EQ|INE263A01024,EQ,NORMAL,1,5.0
BELRISE,BELRISE INDUSTRIES LTD,INE894V01022,NSE_EQ|INE894V01022,EQ,NORMAL,1,1.0
BEML,BEML LIMITED,INE258A01024,NSE_EQ|INE258A01024,EQ,NORMAL,1,10.0
BERGEPAINT,BERGER PAINTS (I) LTD,INE463A01038,NSE_EQ|INE463A01038,EQ,NORMAL,1,5.0
BHARATFORG,BHARAT FORGE LTD,INE465A01025,NSE_EQ|INE465A01025,EQ,NORMAL,1,10.0
BHARTIARTL,BHARTI AIRTEL LIMITED,INE397D01024,NSE_EQ|INE397D01024,EQ,NORMAL,1,10.0
BHARTIHEXA,BHARTI HEXACOM LIMITED,INE343G01021,NSE_EQ|INE343G01021,EQ,NORMAL,1,10.0
BHEL,BHEL,INE257A01026,NSE_EQ|INE257A01026,EQ,NORMAL,1,5.0
BIKAJI,BIKAJI FOODS INTERN LTD,INE00E101023,NSE_EQ|INE00E101023,EQ,NORMAL,1,5.0
BIOCON,BIOCON LIMITED.,INE376G01013,NSE_EQ|INE376G01013,EQ,NORMAL,1,5.0
BLS,BLS INTL SERVS LTD,INE153T01027,NSE_EQ|INE153T01027,EQ,NORMAL,1,1.0
BLUEDART,BLUE DART EXPRESS LTD,INE233B01017,NSE_EQ|INE233B01017,EQ,NORMAL,1,50.0
BLUEJET,BLUE JET HEALTHCARE LTD,INE0KBH01020,NSE_EQ|INE0KBH01020,EQ,NORMAL,1,5.0
BLUESTARCO,BLUE STAR LIMITED,INE472A01039,NSE_EQ|INE472A01039,EQ,NORMAL,1,10.0
BOSCHLTD,BOSCH LIMITED,INE323A01026,NSE_EQ|INE323A01026,EQ,NORMAL,1,500.0
BPCL,BHARAT PETROLEUM CORP  LT,INE029A01011,NSE_EQ|INE029A01011,EQ,NORMAL,1,5.0
BRIGADE,BRIGADE ENTER. LTD,INE791I01019,NSE_EQ|INE791I01019,EQ,NORMAL,1,5.0
BRITANNIA,BRITANNIA INDUSTRIES LTD,INE216A01030,NSE_EQ|INE216A01030,EQ,NORMAL,1,50.0
BSE,BSE LIMITED,INE118H01025,NSE_EQ|INE118H01025,EQ,NORMAL,1,10.0
BSOFT,BIRLASOFT LIMITED,INE836A01035,NSE_EQ|INE836A01035,EQ,NORMAL,1,5.0
CAMS,COMPUTER AGE MNGT SER LTD,INE596I01020,NSE_EQ|INE596I01020,EQ,NORMAL,1,5.0
CANBK,CANARA BANK,INE476A01022,NSE_EQ|INE476A01022,EQ,NORMAL,1,1.0
CANFINHOME,CAN FIN HOMES LTD,INE477A01020,NSE_EQ|INE477A01020,EQ,NORMAL,1,5.0
CANHLIFE,CANARA HSBC LIFE INS CO L,INE01TY01017,NSE_EQ|INE01TY01017,EQ,NORMAL,1,1.0
CAPLIPOINT,CAPLIN POINT LAB LTD.,INE475E01026,NSE_EQ|INE475E01026,EQ,NORMAL,1,10.0
CARBORUNIV,CARBORUNDUM UNIVERSAL LTD,INE120A01034,NSE_EQ|INE120A01034,EQ,NORMAL,1,10.0
CARTRADE,CARTRADE TECH LIMITED,INE290S01011,NSE_EQ|INE290S01011,EQ,NORMAL,1,10.0
CASTROLIND,CASTROL INDIA LIMITED,INE172A01027,NSE_EQ|INE172A01027,EQ,NORMAL,1,1.0
CCL,CCL PRODUCTS (I) LTD,INE421D01022,NSE_EQ|INE421D01022,EQ,NORMAL,1,10.0
CDSL,CENTRAL DEPO SER (I) LTD,INE736A01011,NSE_EQ|INE736A01011,EQ,NORMAL,1,10.0
CEATLTD,CEAT LIMITED,INE482A01020,NSE_EQ|INE482A01020,EQ,NORMAL,1,10.0
CEMPRO,CEMINDIA PROJECTS LIMITED,INE686A01026,NSE_EQ|INE686A01026,EQ,NORMAL,1,10.0
CENTRALBK,CENTRAL BANK OF INDIA,INE483A01010,NSE_EQ|INE483A01010,EQ,NORMAL,1,1.0
CESC,CESC LTD,INE486A01021,NSE_EQ|INE486A01021,EQ,NORMAL,1,1.0
CGCL,CAPRI GLOBAL CAPITAL LTD,INE180C01042,NSE_EQ|INE180C01042,EQ,NORMAL,1,1.0
CGPOWER,CG POWER AND IND SOL LTD,INE067A01029,NSE_EQ|INE067A01029,EQ,NORMAL,1,5.0
CHALET,CHALET HOTELS LIMITED,INE427F01016,NSE_EQ|INE427F01016,EQ,NORMAL,1,5.0
CHAMBLFERT,CHAMBAL FERTILIZERS LTD,INE085A01013,NSE_EQ|INE085A01013,EQ,NORMAL,1,5.0
CHENNPETRO,CHENNAI PETROLEUM CORP LT,INE178A01016,NSE_EQ|INE178A01016,EQ,NORMAL,1,10.0
CHOICEIN,CHOICE INTERNATIONAL LTD,INE102B01014,NSE_EQ|INE102B01014,EQ,NORMAL,1,5.0
CHOLAFIN,CHOLAMANDALAM IN & FIN CO,INE121A01024,NSE_EQ|INE121A01024,EQ,NORMAL,1,10.0
CHOLAHLDNG,CHOLAMANDALAM FIN HOL LTD,INE149A01033,NSE_EQ|INE149A01033,EQ,NORMAL,1,10.0
CIEINDIA,CIE AUTOMOTIVE INDIA LTD,INE536H01010,NSE_EQ|INE536H01010,EQ,NORMAL,1,5.0
CIPLA,CIPLA LTD,INE059A01026,NSE_EQ|INE059A01026,EQ,NORMAL,1,10.0
CLEAN,CLEAN SCIENCE & TECH LTD,INE227W01023,NSE_EQ|INE227W01023,EQ,NORMAL,1,5.0
COALINDIA,COAL INDIA LTD,INE522F01014,NSE_EQ|INE522F01014,EQ,NORMAL,1,5.0
COCHINSHIP,COCHIN SHIPYARD LIMITED,INE704P01025,NSE_EQ|INE704P01025,EQ,NORMAL,1,10.0
COFORGE,COFORGE LIMITED,INE591G01025,NSE_EQ|INE591G01025,EQ,NORMAL,1,10.0
COHANCE,COHANCE LIFESCIENCES LTD,INE03QK01018,NSE_EQ|INE03QK01018,EQ,NORMAL,1,5.0
COLPAL,COLGATE PALMOLIVE LTD.,INE259A01022,NSE_EQ|INE259A01022,EQ,NORMAL,1,10.0
CONCOR,CONTAINER CORP OF IND LTD,INE111A01025,NSE_EQ|INE111A01025,EQ,NORMAL,1,5.0
CONCORDBIO,CONCORD BIOTECH LIMITED,INE338H01029,NSE_EQ|INE338H01029,EQ,NORMAL,1,10.0
COROMANDEL,COROMANDEL INTERNTL. LTD,INE169A01031,NSE_EQ|INE169A01031,EQ,NORMAL,1,10.0
CPPLUS,ADITYA INFOTECH LIMITED,INE819V01029,NSE_EQ|INE819V01029,EQ,NORMAL,1,10.0
CRAFTSMAN,CRAFTSMAN AUTOMATION LTD,INE00LO01017,NSE_EQ|INE00LO01017,EQ,NORMAL,1,50.0
CREDITACC,CREDITACCESS GRAMEEN LTD,INE741K01010,NSE_EQ|INE741K01010,EQ,NORMAL,1,10.0
CRISIL,CRISIL LTD,INE007A01025,NSE_EQ|INE007A01025,EQ,NORMAL,1,10.0
CROMPTON,CROMPT GREA CON ELEC LTD,INE299U01018,NSE_EQ|INE299U01018,EQ,NORMAL,1,5.0
CUB,CITY UNION BANK LTD,INE491A01021,NSE_EQ|INE491A01021,EQ,NORMAL,1,1.0
CUMMINSIND,CUMMINS INDIA LTD,INE298A01020,NSE_EQ|INE298A01020,EQ,NORMAL,1,50.0
CYIENT,CYIENT LIMITED,INE136B01020,NSE_EQ|INE136B01020,EQ,NORMAL,1,5.0
DABUR,DABUR INDIA LTD,INE016A01026,NSE_EQ|INE016A01026,EQ,NORMAL,1,5.0
DALBHARAT,DALMIA BHARAT LIMITED,INE00R701025,NSE_EQ|INE00R701025,EQ,NORMAL,1,10.0
DATAPATTNS,DATA PATTERNS INDIA LTD,INE0IX101010,NSE_EQ|INE0IX101010,EQ,NORMAL,1,10.0
DCMSHRIRAM,DCM SHRIRAM LIMITED,INE499A01024,NSE_EQ|INE499A01024,EQ,NORMAL,1,10.0
DEEPAKFERT,DEEPAK FERTILIZERS & PETR,INE501A01019,NSE_EQ|INE501A01019,EQ,NORMAL,1,10.0
DEEPAKNTR,DEEPAK NITRITE LTD,INE288B01029,NSE_EQ|INE288B01029,EQ,NORMAL,1,10.0
DELHIVERY,DELHIVERY LIMITED,INE148O01028,NSE_EQ|INE148O01028,EQ,NORMAL,1,5.0
DEVYANI,DEVYANI INTERNATIONAL LTD,INE872J01023,NSE_EQ|INE872J01023,EQ,NORMAL,1,1.0
DIVISLAB,DIVI S LABORATORIES LTD,INE361B01024,NSE_EQ|INE361B01024,EQ,NORMAL,1,50.0
DIXON,DIXON TECHNO (INDIA) LTD,INE935N01020,NSE_EQ|INE935N01020,EQ,NORMAL,1,100.0
DLF,DLF LIMITED,INE271C01023,NSE_EQ|INE271C01023,EQ,NORMAL,1,5.0
DMART,AVENUE SUPERMARTS LIMITED,INE192R01011,NSE_EQ|INE192R01011,EQ,NORMAL,1,10.0
DOMS,DOMS INDUSTRIES LIMITED,INE321T01012,NSE_EQ|INE321T01012,EQ,NORMAL,1,10.0
DRREDDY,DR. REDDY S LABORATORIES,INE089A01031,NSE_EQ|INE089A01031,EQ,NORMAL,1,10.0
ECLERX,ECLERX SERVICES LTD,INE738I01010,NSE_EQ|INE738I01010,EQ,NORMAL,1,10.0
EICHERMOT,EICHER MOTORS LTD,INE066A01021,NSE_EQ|INE066A01021,EQ,NORMAL,1,50.0
EIDPARRY,EID PARRY INDIA LTD,INE126A01031,NSE_EQ|INE126A01031,EQ,NORMAL,1,5.0
EIHOTEL,EIH LIMITED,INE230A01023,NSE_EQ|INE230A01023,EQ,NORMAL,1,5.0
ELECON,ELECON ENG. CO. LTD,INE205B01031,NSE_EQ|INE205B01031,EQ,NORMAL,1,5.0
ELGIEQUIP,ELGI EQUIPMENTS LTD,INE285A01027,NSE_EQ|INE285A01027,EQ,NORMAL,1,5.0
EMAMILTD,EMAMI LIMITED,INE548C01032,NSE_EQ|INE548C01032,EQ,NORMAL,1,5.0
EMCURE,EMCURE PHARMACEUTICALS L,INE168P01015,NSE_EQ|INE168P01015,EQ,NORMAL,1,10.0
EMMVEE,EMMVEE PHOTOVOLTAIC PWR L,INE1C6T01020,NSE_EQ|INE1C6T01020,EQ,NORMAL,1,5.0
ENDURANCE,ENDURANCE TECHNO. LTD.,INE913H01037,NSE_EQ|INE913H01037,EQ,NORMAL,1,10.0
ENGINERSIN,ENGINEERS INDIA LTD,INE510A01028,NSE_EQ|INE510A01028,EQ,NORMAL,1,1.0
ENRIN,SIEMENS ENERGY INDIA LTD,INE1NPP01017,NSE_EQ|INE1NPP01017,EQ,NORMAL,1,10.0
ERIS,ERIS LIFESCIENCES LIMITED,INE406M01024,NSE_EQ|INE406M01024,EQ,NORMAL,1,10.0
ESCORTS,ESCORTS KUBOTA LIMITED,INE042A01014,NSE_EQ|INE042A01014,EQ,NORMAL,1,10.0
ETERNAL,ETERNAL LIMITED,INE758T01015,NSE_EQ|INE758T01015,EQ,NORMAL,1,5.0
EXIDEIND,EXIDE INDUSTRIES LTD,INE302A01020,NSE_EQ|INE302A01020,EQ,NORMAL,1,5.0
FACT,FACT LTD,INE188A01015,NSE_EQ|INE188A01015,EQ,NORMAL,1,5.0
FEDERALBNK,FEDERAL BANK LTD,INE171A01029,NSE_EQ|INE171A01029,EQ,NORMAL,1,5.0
FINCABLES,FINOLEX CABLES LTD,INE235A01022,NSE_EQ|INE235A01022,EQ,NORMAL,1,5.0
FIRSTCRY,BRAINBEES SOLUTIONS LTD,INE02RE01045,NSE_EQ|INE02RE01045,EQ,NORMAL,1,1.0
FIVESTAR,FIVE-STAR BUS FIN LTD,INE128S01021,NSE_EQ|INE128S01021,EQ,NORMAL,1,5.0
FLUOROCHEM,GUJARAT FLUOROCHEM LTD,INE09N301011,NSE_EQ|INE09N301011,EQ,NORMAL,1,10.0
FORCEMOT,FORCE MOTORS LIMITED,INE451A01017,NSE_EQ|INE451A01017,EQ,NORMAL,1,100.0
FORTIS,FORTIS HEALTHCARE LTD,INE061F01013,NSE_EQ|INE061F01013,EQ,NORMAL,1,5.0
FSL,FIRSTSOURCE SOLU. LTD.,INE684F01012,NSE_EQ|INE684F01012,EQ,NORMAL,1,5.0
GABRIEL,GABRIEL INDIA LTD,INE524A01029,NSE_EQ|INE524A01029,EQ,NORMAL,1,10.0
GAIL,GAIL (INDIA) LTD,INE129A01019,NSE_EQ|INE129A01019,EQ,NORMAL,1,1.0
GALLANTT,GALLANTT ISPAT LIMITED,INE297H01019,NSE_EQ|INE297H01019,EQ,NORMAL,1,5.0
GESHIP,THE GE SHPG.LTD,INE017A01032,NSE_EQ|INE017A01032,EQ,NORMAL,1,10.0
GICRE,GENERAL INS CORP OF INDIA,INE481Y01014,NSE_EQ|INE481Y01014,EQ,NORMAL,1,5.0
GILLETTE,GILLETTE INDIA LTD,INE322A01010,NSE_EQ|INE322A01010,EQ,NORMAL,1,50.0
GLAND,GLAND PHARMA LIMITED,INE068V01023,NSE_EQ|INE068V01023,EQ,NORMAL,1,10.0
GLAXO,GLAXOSMITHKLINE PHARMA LT,INE159A01016,NSE_EQ|INE159A01016,EQ,NORMAL,1,10.0
GLENMARK,GLENMARK PHARMACEUTICALS,INE935A01035,NSE_EQ|INE935A01035,EQ,NORMAL,1,10.0
GMDCLTD,GUJARAT MINERAL DEV CORP,INE131A01031,NSE_EQ|INE131A01031,EQ,NORMAL,1,5.0
GMRAIRPORT,GMR AIRPORTS LIMITED,INE776C01039,NSE_EQ|INE776C01039,EQ,NORMAL,1,1.0
GODFRYPHLP,GODFREY PHILLIPS INDIA LT,INE260B01028,NSE_EQ|INE260B01028,EQ,NORMAL,1,10.0
GODIGIT,GO DIGIT GENERAL INS LTD,INE03JT01014,NSE_EQ|INE03JT01014,EQ,NORMAL,1,5.0
GODREJCP,GODREJ CONSUMER PRODUCTS,INE102D01028,NSE_EQ|INE102D01028,EQ,NORMAL,1,10.0
GODREJIND,GODREJ INDUSTRIES LTD,INE233A01035,NSE_EQ|INE233A01035,EQ,NORMAL,1,10.0
GODREJPROP,GODREJ PROPERTIES LTD,INE484J01027,NSE_EQ|INE484J01027,EQ,NORMAL,1,10.0
GPIL,GODAWARI POW & ISP LTD,INE177H01039,NSE_EQ|INE177H01039,EQ,NORMAL,1,1.0
GRANULES,GRANULES INDIA LIMITED,INE101D01020,NSE_EQ|INE101D01020,EQ,NORMAL,1,5.0
GRAPHITE,GRAPHITE INDIA LTD,INE371A01025,NSE_EQ|INE371A01025,EQ,NORMAL,1,5.0
GRASIM,GRASIM INDUSTRIES LTD,INE047A01021,NSE_EQ|INE047A01021,EQ,NORMAL,1,10.0
GRAVITA,GRAVITA INDIA LIMITED,INE024L01027,NSE_EQ|INE024L01027,EQ,NORMAL,1,10.0
GROWW,BILLIONBRAINS GARAGE VN L,INE0HOQ01053,NSE_EQ|INE0HOQ01053,EQ,NORMAL,1,1.0
GRSE,GARDEN REACH SHIP&ENG LTD,INE382Z01011,NSE_EQ|INE382Z01011,EQ,NORMAL,1,10.0
GVT&D,GE VERNOVA T&D INDIA LTD,INE200A01026,NSE_EQ|INE200A01026,EQ,NORMAL,1,10.0
HAL,HINDUSTAN AERONAUTICS LTD,INE066F01020,NSE_EQ|INE066F01020,EQ,NORMAL,1,10.0
HAVELLS,HAVELLS INDIA LIMITED,INE176B01034,NSE_EQ|INE176B01034,EQ,NORMAL,1,10.0
HBLENGINE,HBL ENGINEERING LTD,INE292B01021,NSE_EQ|INE292B01021,EQ,NORMAL,1,5.0
HCLTECH,HCL TECHNOLOGIES LTD,INE860A01027,NSE_EQ|INE860A01027,EQ,NORMAL,1,10.0
HDBFS,HDB FINANCIAL SERVICES L,INE756I01012,NSE_EQ|INE756I01012,EQ,NORMAL,1,5.0
HDFCAMC,HDFC AMC LIMITED,INE127D01025,NSE_EQ|INE127D01025,EQ,NORMAL,1,10.0
HDFCBANK,HDFC BANK LTD,INE040A01034,NSE_EQ|INE040A01034,EQ,NORMAL,1,5.0
HDFCLIFE,HDFC LIFE INS CO LTD,INE795G01014,NSE_EQ|INE795G01014,EQ,NORMAL,1,5.0
HEG,HEG LTD,INE545A01024,NSE_EQ|INE545A01024,EQ,NORMAL,1,5.0
HEROMOTOCO,HERO MOTOCORP LIMITED,INE158A01026,NSE_EQ|INE158A01026,EQ,NORMAL,1,50.0
HEXT,HEXAWARE TECHNOLOGIES LTD,INE093A01041,NSE_EQ|INE093A01041,EQ,NORMAL,1,5.0
HFCL,HFCL LIMITED,INE548A01028,NSE_EQ|INE548A01028,EQ,NORMAL,1,1.0
HINDALCO,HINDALCO  INDUSTRIES  LTD,INE038A01020,NSE_EQ|INE038A01020,EQ,NORMAL,1,5.0
HINDCOPPER,HINDUSTAN COPPER LTD,INE531E01026,NSE_EQ|INE531E01026,EQ,NORMAL,1,5.0
HINDPETRO,HINDUSTAN PETROLEUM CORP,INE094A01015,NSE_EQ|INE094A01015,EQ,NORMAL,1,5.0
HINDUNILVR,HINDUSTAN UNILEVER LTD.,INE030A01027,NSE_EQ|INE030A01027,EQ,NORMAL,1,10.0
HINDZINC,HINDUSTAN ZINC LIMITED,INE267A01025,NSE_EQ|INE267A01025,EQ,NORMAL,1,5.0
HOMEFIRST,HOME FIRST FIN CO IND LTD,INE481N01025,NSE_EQ|INE481N01025,EQ,NORMAL,1,10.0
HONASA,HONASA CONSUMER LIMITED,INE0J5401028,NSE_EQ|INE0J5401028,EQ,NORMAL,1,5.0
HONAUT,HONEYWELL AUTOMATION IND,INE671A01010,NSE_EQ|INE671A01010,EQ,NORMAL,1,500.0
HSCL,HIMADRI SPECIALITY CHEM L,INE019C01026,NSE_EQ|INE019C01026,EQ,NORMAL,1,5.0
HUDCO,HSG & URBAN DEV CORPN LTD,INE031A01017,NSE_EQ|INE031A01017,EQ,NORMAL,1,1.0
HYUNDAI,HYUNDAI MOTOR INDIA LTD,INE0V6F01027,NSE_EQ|INE0V6F01027,EQ,NORMAL,1,10.0
ICICIAMC,ICICI PRUDENTIAL AMC LTD,INE346A01027,NSE_EQ|INE346A01027,EQ,NORMAL,1,10.0
ICICIBANK,ICICI BANK LTD.,INE090A01021,NSE_EQ|INE090A01021,EQ,NORMAL,1,10.0
ICICIGI,ICICI LOMBARD GIC LIMITED,INE765G01017,NSE_EQ|INE765G01017,EQ,NORMAL,1,10.0
ICICIPRULI,ICICI PRU LIFE INS CO LTD,INE726G01019,NSE_EQ|INE726G01019,EQ,NORMAL,1,5.0
IDBI,IDBI BANK LIMITED,INE008A01015,NSE_EQ|INE008A01015,EQ,NORMAL,1,1.0
IDEA,VODAFONE IDEA LIMITED,INE669E01016,NSE_EQ|INE669E01016,EQ,NORMAL,1,1.0
IDFCFIRSTB,IDFC FIRST BANK LIMITED,INE092T01019,NSE_EQ|INE092T01019,EQ,NORMAL,1,1.0
IEX,INDIAN ENERGY EXC LTD,INE022Q01020,NSE_EQ|INE022Q01020,EQ,NORMAL,1,1.0
IFCI,IFCI LTD,INE039A01010,NSE_EQ|INE039A01010,EQ,NORMAL,1,1.0
IGIL,INTL GEMOLOGICAL INST LTD,INE0Q9301021,NSE_EQ|INE0Q9301021,EQ,NORMAL,1,5.0
IGL,INDRAPRASTHA GAS LTD,INE203G01027,NSE_EQ|INE203G01027,EQ,NORMAL,1,1.0
IIFL,IIFL FINANCE LIMITED,INE530B01024,NSE_EQ|INE530B01024,EQ,NORMAL,1,5.0
IKS,INVENTURUS KNOWLEDGE SO L,INE115Q01022,NSE_EQ|INE115Q01022,EQ,NORMAL,1,10.0
INDGN,INDEGENE LIMITED,INE065X01017,NSE_EQ|INE065X01017,EQ,NORMAL,1,5.0
INDHOTEL,THE INDIAN HOTELS CO. LTD,INE053A01029,NSE_EQ|INE053A01029,EQ,NORMAL,1,5.0
INDIACEM,THE INDIA CEMENTS LIMITED,INE383A01012,NSE_EQ|INE383A01012,EQ,NORMAL,1,5.0
INDIAMART,INDIAMART INTERMESH LTD,INE933S01016,NSE_EQ|INE933S01016,EQ,NORMAL,1,10.0
INDIANB,INDIAN BANK,INE562A01011,NSE_EQ|INE562A01011,EQ,NORMAL,1,5.0
INDIGO,INTERGLOBE AVIATION LTD,INE646L01027,NSE_EQ|INE646L01027,EQ,NORMAL,1,50.0
INDUSINDBK,INDUSIND BANK LIMITED,INE095A01012,NSE_EQ|INE095A01012,EQ,NORMAL,1,10.0
INDUSTOWER,INDUS TOWERS LIMITED,INE121J01017,NSE_EQ|INE121J01017,EQ,NORMAL,1,5.0
INFY,INFOSYS LIMITED,INE009A01021,NSE_EQ|INE009A01021,EQ,NORMAL,1,10.0
INOXWIND,INOX WIND LIMITED,INE066P01011,NSE_EQ|INE066P01011,EQ,NORMAL,1,1.0
INTELLECT,INTELLECT DESIGN ARENA,INE306R01017,NSE_EQ|INE306R01017,EQ,NORMAL,1,5.0
IOB,INDIAN OVERSEAS BANK,INE565A01014,NSE_EQ|INE565A01014,EQ,NORMAL,1,1.0
IOC,INDIAN OIL CORP LTD,INE242A01010,NSE_EQ|INE242A01010,EQ,NORMAL,1,1.0
IPCALAB,IPCA LABORATORIES LTD,INE571A01038,NSE_EQ|INE571A01038,EQ,NORMAL,1,10.0
IRB,IRB INFRA DEV LTD.,INE821I01022,NSE_EQ|INE821I01022,EQ,NORMAL,1,1.0
IRCON,IRCON INTERNATIONAL LTD,INE962Y01021,NSE_EQ|INE962Y01021,EQ,NORMAL,1,1.0
IRCTC,INDIAN RAIL TOUR CORP LTD,INE335Y01020,NSE_EQ|INE335Y01020,EQ,NORMAL,1,5.0
IREDA,INDIAN RENEWABLE ENERGY,INE202E01016,NSE_EQ|INE202E01016,EQ,NORMAL,1,1.0
IRFC,INDIAN RAILWAY FIN CORP L,INE053F01010,NSE_EQ|INE053F01010,EQ,NORMAL,1,1.0
ITC,ITC LTD,INE154A01025,NSE_EQ|INE154A01025,EQ,NORMAL,1,5.0
ITCHOTELS,ITC HOTELS LIMITED,INE379A01028,NSE_EQ|INE379A01028,EQ,NORMAL,1,1.0
ITI,ITI LTD,INE248A01017,NSE_EQ|INE248A01017,EQ,NORMAL,1,5.0
J&KBANK,J & K BANK LTD.,INE168A01041,NSE_EQ|INE168A01041,EQ,NORMAL,1,1.0
JAINREC,JAIN RESOURCE RECYCLING L,INE0YD401026,NSE_EQ|INE0YD401026,EQ,NORMAL,1,5.0
JBMA,JBM AUTO LIMITED,INE927D01051,NSE_EQ|INE927D01051,EQ,NORMAL,1,5.0
JINDALSAW,JINDAL SAW LIMITED,INE324A01032,NSE_EQ|INE324A01032,EQ,NORMAL,1,5.0
JINDALSTEL,JINDAL STEEL LIMITED,INE749A01030,NSE_EQ|INE749A01030,EQ,NORMAL,1,10.0
JIOFIN,JIO FIN SERVICES LTD,INE758E01017,NSE_EQ|INE758E01017,EQ,NORMAL,1,5.0
JKCEMENT,JK CEMENT LIMITED,INE823G01014,NSE_EQ|INE823G01014,EQ,NORMAL,1,50.0
JKTYRE,JK TYRE & INDUSTRIES LTD,INE573A01042,NSE_EQ|INE573A01042,EQ,NORMAL,1,5.0
JMFINANCIL,JM FINANCIAL LIMITED,INE780C01023,NSE_EQ|INE780C01023,EQ,NORMAL,1,1.0
JPPOWER,JAIPRAKASH POWER VEN. LTD,INE351F01018,NSE_EQ|INE351F01018,EQ,NORMAL,1,1.0
JSL,JINDAL STAINLESS LIMITED,INE220G01021,NSE_EQ|INE220G01021,EQ,NORMAL,1,5.0
JSWCEMENT,JSW CEMENT LIMITED,INE718I01012,NSE_EQ|INE718I01012,EQ,NORMAL,1,1.0
JSWDULUX,JSW DULUX LIMITED,INE133A01011,NSE_EQ|INE133A01011,EQ,NORMAL,1,10.0
JSWENERGY,JSW ENERGY LIMITED,INE121E01018,NSE_EQ|INE121E01018,EQ,NORMAL,1,5.0
JSWINFRA,JSW INFRASTRUCTURE LTD,INE880J01026,NSE_EQ|INE880J01026,EQ,NORMAL,1,5.0
JSWSTEEL,JSW STEEL LIMITED,INE019A01038,NSE_EQ|INE019A01038,EQ,NORMAL,1,10.0
JUBLFOOD,JUBILANT FOODWORKS LTD,INE797F01020,NSE_EQ|INE797F01020,EQ,NORMAL,1,5.0
JUBLINGREA,JUBILANT INGREVIA LIMITED,INE0BY001018,NSE_EQ|INE0BY001018,EQ,NORMAL,1,5.0
JUBLPHARMA,JUBILANT PHARMOVA LTD,INE700A01033,NSE_EQ|INE700A01033,EQ,NORMAL,1,5.0
JWL,JUPITER WAGONS LIMITED,INE209L01016,NSE_EQ|INE209L01016,EQ,NORMAL,1,5.0
JYOTICNC,JYOTI CNC AUTOMATION LTD,INE980O01024,NSE_EQ|INE980O01024,EQ,NORMAL,1,5.0
KAJARIACER,KAJARIA CERAMICS LTD,INE217B01036,NSE_EQ|INE217B01036,EQ,NORMAL,1,10.0
KALYANKJIL,KALYAN JEWELLERS IND LTD,INE303R01014,NSE_EQ|INE303R01014,EQ,NORMAL,1,5.0
KARURVYSYA,KARUR VYSYA BANK LTD,INE036D01028,NSE_EQ|INE036D01028,EQ,NORMAL,1,5.0
KAYNES,KAYNES TECHNOLOGY IND LTD,INE918Z01012,NSE_EQ|INE918Z01012,EQ,NORMAL,1,10.0
KEC,KEC INTL. LIMITED,INE389H01022,NSE_EQ|INE389H01022,EQ,NORMAL,1,5.0
KEI,KEI INDUSTRIES LTD.,INE878B01027,NSE_EQ|INE878B01027,EQ,NORMAL,1,10.0
KFINTECH,KFIN TECHNOLOGIES LIMITED,INE138Y01010,NSE_EQ|INE138Y01010,EQ,NORMAL,1,5.0
KIMS,KRISHNA INST OF MED SCI L,INE967H01025,NSE_EQ|INE967H01025,EQ,NORMAL,1,5.0
KIRLOSENG,KIRLOSKAR OIL ENG LTD,INE146L01010,NSE_EQ|INE146L01010,EQ,NORMAL,1,10.0
KOTAKBANK,KOTAK MAHINDRA BANK LTD,INE237A01036,NSE_EQ|INE237A01036,EQ,NORMAL,1,5.0
KPIL,KALPATARU PROJECT INT LTD,INE220B01022,NSE_EQ|INE220B01022,EQ,NORMAL,1,10.0
KPITTECH,KPIT TECHNOLOGIES LIMITED,INE04I401011,NSE_EQ|INE04I401011,EQ,NORMAL,1,5.0
KPRMILL,KPR MILL LTD.,INE930H01031,NSE_EQ|INE930H01031,EQ,NORMAL,1,10.0
LALPATHLAB,DR. LAL PATH LABS LTD.,INE600L01024,NSE_EQ|INE600L01024,EQ,NORMAL,1,10.0
LATENTVIEW,LATENT VIEW ANALYTICS LTD,INE0I7C01011,NSE_EQ|INE0I7C01011,EQ,NORMAL,1,5.0
LAURUSLABS,LAURUS LABS LIMITED,INE947Q01028,NSE_EQ|INE947Q01028,EQ,NORMAL,1,10.0
LEMONTREE,LEMON TREE HOTELS LTD,INE970X01018,NSE_EQ|INE970X01018,EQ,NORMAL,1,1.0
LENSKART,LENSKART SOLUTIONS LTD,INE956O01016,NSE_EQ|INE956O01016,EQ,NORMAL,1,5.0
LGEINDIA,LG ELECTRONICS INDIA LTD,INE324D01010,NSE_EQ|INE324D01010,EQ,NORMAL,1,10.0
LICHSGFIN,LIC HOUSING FINANCE LTD,INE115A01026,NSE_EQ|INE115A01026,EQ,NORMAL,1,5.0
LICI,LIFE INSURA CORP OF INDIA,INE0J1Y01017,NSE_EQ|INE0J1Y01017,EQ,NORMAL,1,5.0
LINDEINDIA,LINDE INDIA LIMITED,INE473A01011,NSE_EQ|INE473A01011,EQ,NORMAL,1,50.0
LLOYDSME,LLOYDS METALS N ENERGY L,INE281B01032,NSE_EQ|INE281B01032,EQ,NORMAL,1,10.0
LODHA,LODHA DEVELOPERS LIMITED,INE670K01029,NSE_EQ|INE670K01029,EQ,NORMAL,1,10.0
LT,LARSEN & TOUBRO LTD.,INE018A01030,NSE_EQ|INE018A01030,EQ,NORMAL,1,10.0
LTF,L&T FINANCE LIMITED,INE498L01015,NSE_EQ|INE498L01015,EQ,NORMAL,1,5.0
LTFOODS,LT FOODS LIMITED,INE818H01020,NSE_EQ|INE818H01020,EQ,NORMAL,1,5.0
LTM,LTM LIMITED,INE214T01019,NSE_EQ|INE214T01019,EQ,NORMAL,1,10.0
LTTS,L&T TECHNOLOGY SER. LTD.,INE010V01017,NSE_EQ|INE010V01017,EQ,NORMAL,1,10.0
LUPIN,LUPIN LIMITED,INE326A01037,NSE_EQ|INE326A01037,EQ,NORMAL,1,10.0
M&M,MAHINDRA & MAHINDRA LTD,INE101A01026,NSE_EQ|INE101A01026,EQ,NORMAL,1,10.0
M&MFIN,M&M FIN. SERVICES LTD,INE774D01024,NSE_EQ|INE774D01024,EQ,NORMAL,1,5.0
MAHABANK,BANK OF MAHARASHTRA,INE457A01014,NSE_EQ|INE457A01014,EQ,NORMAL,1,1.0
MANAPPURAM,MANAPPURAM FINANCE LTD,INE522D01027,NSE_EQ|INE522D01027,EQ,NORMAL,1,5.0
MANKIND,MANKIND PHARMA LIMITED,INE634S01028,NSE_EQ|INE634S01028,EQ,NORMAL,1,10.0
MAPMYINDIA,C.E. INFO SYSTEMS LIMITED,INE0BV301023,NSE_EQ|INE0BV301023,EQ,NORMAL,1,10.0
MARICO,MARICO LIMITED,INE196A01026,NSE_EQ|INE196A01026,EQ,NORMAL,1,5.0
MARUTI,MARUTI SUZUKI INDIA LTD.,INE585B01010,NSE_EQ|INE585B01010,EQ,NORMAL,1,100.0
MAXHEALTH,MAX HEALTHCARE INS LTD,INE027H01010,NSE_EQ|INE027H01010,EQ,NORMAL,1,10.0
MAZDOCK,MAZAGON DOCK SHIPBUIL LTD,INE249Z01020,NSE_EQ|INE249Z01020,EQ,NORMAL,1,10.0
MCX,MULTI COMMODITY EXCHANGE,INE745G01043,NSE_EQ|INE745G01043,EQ,NORMAL,1,10.0
MEDANTA,GLOBAL HEALTH LIMITED,INE474Q01031,NSE_EQ|INE474Q01031,EQ,NORMAL,1,10.0
MEESHO,MEESHO LIMITED,INE0VDM01015,NSE_EQ|INE0VDM01015,EQ,NORMAL,1,1.0
MFSL,MAX FINANCIAL SERV LTD,INE180A01020,NSE_EQ|INE180A01020,EQ,NORMAL,1,10.0
MGL,MAHANAGAR GAS LTD.,INE002S01010,NSE_EQ|INE002S01010,EQ,NORMAL,1,10.0
MINDACORP,MINDA CORPORATION LTD,INE842C01021,NSE_EQ|INE842C01021,EQ,NORMAL,1,5.0
MMTC,MMTC LIMITED,INE123F01029,NSE_EQ|INE123F01029,EQ,NORMAL,1,1.0
MOTHERSON,SAMVRDHNA MTHRSN INTL LTD,INE775A01035,NSE_EQ|INE775A01035,EQ,NORMAL,1,1.0
MOTILALOFS,MOTILAL OSWAL FIN LTD,INE338I01027,NSE_EQ|INE338I01027,EQ,NORMAL,1,5.0
MPHASIS,MPHASIS LIMITED,INE356A01018,NSE_EQ|INE356A01018,EQ,NORMAL,1,10.0
MRF,MRF LTD,INE883A01011,NSE_EQ|INE883A01011,EQ,NORMAL,1,500.0
MRPL,MRPL,INE103A01014,NSE_EQ|INE103A01014,EQ,NORMAL,1,1.0
MSUMI,MOTHERSON SUMI WRNG IND L,INE0FS801015,NSE_EQ|INE0FS801015,EQ,NORMAL,1,1.0
MUTHOOTFIN,MUTHOOT FINANCE LIMITED,INE414G01012,NSE_EQ|INE414G01012,EQ,NORMAL,1,10.0
NAM-INDIA,NIPPON L I A M LTD,INE298J01013,NSE_EQ|INE298J01013,EQ,NORMAL,1,10.0
NATCOPHARM,NATCO PHARMA LTD.,INE987B01026,NSE_EQ|INE987B01026,EQ,NORMAL,1,5.0
NATIONALUM,NATIONAL ALUMINIUM CO LTD,INE139A01034,NSE_EQ|INE139A01034,EQ,NORMAL,1,5.0
NAUKRI,INFO EDGE (I) LTD,INE663F01032,NSE_EQ|INE663F01032,EQ,NORMAL,1,10.0
NAVA,NAVA LIMITED,INE725A01030,NSE_EQ|INE725A01030,EQ,NORMAL,1,5.0
NAVINFLUOR,NAVIN FLUORINE INT. LTD,INE048G01026,NSE_EQ|INE048G01026,EQ,NORMAL,1,50.0
NBCC,NBCC (INDIA) LIMITED,INE095N01031,NSE_EQ|INE095N01031,EQ,NORMAL,1,1.0
NCC,NCC LIMITED,INE868B01028,NSE_EQ|INE868B01028,EQ,NORMAL,1,1.0
NESTLEIND,NESTLE INDIA LIMITED,INE239A01024,NSE_EQ|INE239A01024,EQ,NORMAL,1,10.0
NETWEB,NETWEB TECH INDIA LTD,INE0NT901020,NSE_EQ|INE0NT901020,EQ,NORMAL,1,10.0
NEULANDLAB,NEULAND LAB LTD.,INE794A01010,NSE_EQ|INE794A01010,EQ,NORMAL,1,100.0
NEWGEN,NEWGEN SOFTWARE TECH LTD,INE619B01017,NSE_EQ|INE619B01017,EQ,NORMAL,1,5.0
NH,NARAYANA HRUDAYALAYA LTD.,INE410P01011,NSE_EQ|INE410P01011,EQ,NORMAL,1,10.0
NHPC,NHPC LTD,INE848E01016,NSE_EQ|INE848E01016,EQ,NORMAL,1,1.0
NIACL,THE NEW INDIA ASSU CO LTD,INE470Y01017,NSE_EQ|INE470Y01017,EQ,NORMAL,1,1.0
NIVABUPA,NIVA BUPA HEALTH INS CO L,INE995S01015,NSE_EQ|INE995S01015,EQ,NORMAL,1,1.0
NLCINDIA,NLC INDIA LIMITED,INE589A01014,NSE_EQ|INE589A01014,EQ,NORMAL,1,5.0
NMDC,NMDC LTD.,INE584A01023,NSE_EQ|INE584A01023,EQ,NORMAL,1,1.0
NSLNISP,NMDC STEEL LIMITED,INE0NNS01018,NSE_EQ|INE0NNS01018,EQ,NORMAL,1,1.0
NTPC,NTPC LTD,INE733E01010,NSE_EQ|INE733E01010,EQ,NORMAL,1,5.0
NTPCGREEN,NTPC GREEN ENERGY LIMITED,INE0ONG01011,NSE_EQ|INE0ONG01011,EQ,NORMAL,1,1.0
NUVAMA,NUVAMA WEALTH MANAGE LTD,INE531F01023,NSE_EQ|INE531F01023,EQ,NORMAL,1,10.0
NUVOCO,NUVOCO VISTAS CORP LTD,INE118D01016,NSE_EQ|INE118D01016,EQ,NORMAL,1,5.0
NYKAA,FSN E COMMERCE VENTURES,INE388Y01029,NSE_EQ|INE388Y01029,EQ,NORMAL,1,5.0
OBEROIRLTY,OBEROI REALTY LIMITED,INE093I01010,NSE_EQ|INE093I01010,EQ,NORMAL,1,10.0
OFSS,ORACLE FIN SERV SOFT LTD.,INE881D01027,NSE_EQ|INE881D01027,EQ,NORMAL,1,100.0
OIL,OIL INDIA LTD,INE274J01014,NSE_EQ|INE274J01014,EQ,NORMAL,1,5.0
OLAELEC,OLA ELECTRIC MOBILITY LTD,INE0LXG01040,NSE_EQ|INE0LXG01040,EQ,NORMAL,1,1.0
OLECTRA,OLECTRA GREENTECH LIMITED,INE260D01016,NSE_EQ|INE260D01016,EQ,NORMAL,1,10.0
ONESOURCE,ONESOURCE SPECL PHARMA L,INE013P01021,NSE_EQ|INE013P01021,EQ,NORMAL,1,10.0
ONGC,OIL AND NATURAL GAS CORP.,INE213A01029,NSE_EQ|INE213A01029,EQ,NORMAL,1,1.0
PAGEIND,PAGE INDUSTRIES LTD,INE761H01022,NSE_EQ|INE761H01022,EQ,NORMAL,1,500.0
PARADEEP,PARADEEP PHOSPHATES LTD,INE088F01024,NSE_EQ|INE088F01024,EQ,NORMAL,1,1.0
PATANJALI,PATANJALI FOODS LIMITED,INE619A01035,NSE_EQ|INE619A01035,EQ,NORMAL,1,5.0
PAYTM,ONE 97 COMMUNICATIONS LTD,INE982J01020,NSE_EQ|INE982J01020,EQ,NORMAL,1,10.0
PCBL,PCBL CHEMICAL LIMITED,INE602A01031,NSE_EQ|INE602A01031,EQ,NORMAL,1,5.0
PERSISTENT,PERSISTENT SYSTEMS LTD,INE262H01021,NSE_EQ|INE262H01021,EQ,NORMAL,1,50.0
PETRONET,PETRONET LNG LIMITED,INE347G01014,NSE_EQ|INE347G01014,EQ,NORMAL,1,5.0
PFC,POWER FIN CORP LTD.,INE134E01011,NSE_EQ|INE134E01011,EQ,NORMAL,1,5.0
PFIZER,PFIZER LTD,INE182A01018,NSE_EQ|INE182A01018,EQ,NORMAL,1,10.0
PFOCUS,PRIME FOCUS LIMITED,INE367G01038,NSE_EQ|INE367G01038,EQ,NORMAL,1,5.0
PGEL,PG ELECTROPLAST LTD,INE457L01029,NSE_EQ|INE457L01029,EQ,NORMAL,1,5.0
PHOENIXLTD,THE PHOENIX MILLS LTD,INE211B01039,NSE_EQ|INE211B01039,EQ,NORMAL,1,10.0
PIDILITIND,PIDILITE INDUSTRIES LTD,INE318A01026,NSE_EQ|INE318A01026,EQ,NORMAL,1,10.0
PIIND,PI INDUSTRIES LTD,INE603J01030,NSE_EQ|INE603J01030,EQ,NORMAL,1,10.0
PINELABS,PINE LABS LIMITED,INE15B701018,NSE_EQ|INE15B701018,EQ,NORMAL,1,1.0
PIRAMALFIN,PIRAMAL FINANCE LIMITED,INE202B01038,NSE_EQ|INE202B01038,EQ,NORMAL,1,10.0
PNB,PUNJAB NATIONAL BANK,INE160A01022,NSE_EQ|INE160A01022,EQ,NORMAL,1,1.0
PNBHOUSING,PNB HOUSING FIN LTD.,INE572E01012,NSE_EQ|INE572E01012,EQ,NORMAL,1,10.0
POLICYBZR,PB FINTECH LIMITED,INE417T01026,NSE_EQ|INE417T01026,EQ,NORMAL,1,10.0
POLYCAB,POLYCAB INDIA LIMITED,INE455K01017,NSE_EQ|INE455K01017,EQ,NORMAL,1,50.0
POLYMED,POLY MEDICURE LIMITED,INE205C01021,NSE_EQ|INE205C01021,EQ,NORMAL,1,10.0
POONAWALLA,POONAWALLA FINCORP LTD,INE511C01022,NSE_EQ|INE511C01022,EQ,NORMAL,1,5.0
POWERGRID,POWER GRID CORP. LTD.,INE752E01010,NSE_EQ|INE752E01010,EQ,NORMAL,1,5.0
POWERINDIA,HITACHI ENERGY INDIA LTD,INE07Y701011,NSE_EQ|INE07Y701011,EQ,NORMAL,1,500.0
PPLPHARMA,PIRAMAL PHARMA LIMITED,INE0DK501011,NSE_EQ|INE0DK501011,EQ,NORMAL,1,1.0
PREMIERENE,PREMIER ENERGIES LIMITED,INE0BS701011,NSE_EQ|INE0BS701011,EQ,NORMAL,1,10.0
PRESTIGE,PRESTIGE ESTATE LTD,INE811K01011,NSE_EQ|INE811K01011,EQ,NORMAL,1,10.0
PTCIL,PTC INDUSTRIES LIMITED,INE596F01018,NSE_EQ|INE596F01018,EQ,NORMAL,1,100.0
PVRINOX,PVR INOX LIMITED,INE191H01014,NSE_EQ|INE191H01014,EQ,NORMAL,1,10.0
PWL,PHYSICSWALLAH LIMITED,INE0LP301011,NSE_EQ|INE0LP301011,EQ,NORMAL,1,1.0
RADICO,RADICO KHAITAN LTD,INE944F01028,NSE_EQ|INE944F01028,EQ,NORMAL,1,10.0
RAILTEL,RAILTEL CORP OF IND LTD,INE0DD101019,NSE_EQ|INE0DD101019,EQ,NORMAL,1,5.0
RAINBOW,RAINBOW CHILDRENS MED LTD,INE961O01016,NSE_EQ|INE961O01016,EQ,NORMAL,1,10.0
RAMCOCEM,THE RAMCO CEMENTS LIMITED,INE331A01037,NSE_EQ|INE331A01037,EQ,NORMAL,1,5.0
RBLBANK,RBL BANK LIMITED,INE976G01028,NSE_EQ|INE976G01028,EQ,NORMAL,1,5.0
RECLTD,REC LIMITED,INE020B01018,NSE_EQ|INE020B01018,EQ,NORMAL,1,5.0
REDINGTON,REDINGTON LIMITED,INE891D01026,NSE_EQ|INE891D01026,EQ,NORMAL,1,5.0
RELIANCE,RELIANCE INDUSTRIES LTD,INE002A01018,NSE_EQ|INE002A01018,EQ,NORMAL,1,10.0
RHIM,RHI MAGNESITA INDIA LTD,INE743M01012,NSE_EQ|INE743M01012,EQ,NORMAL,1,5.0
RITES,RITES LIMITED,INE320J01015,NSE_EQ|INE320J01015,EQ,NORMAL,1,1.0
RKFORGE,RAMKRISHNA FORGINGS LTD,INE399G01023,NSE_EQ|INE399G01023,EQ,NORMAL,1,5.0
RPOWER,RELIANCE POWER LTD.,INE614G01033,NSE_EQ|INE614G01033,EQ,NORMAL,1,1.0
RRKABEL,R R KABEL LIMITED,INE777K01022,NSE_EQ|INE777K01022,EQ,NORMAL,1,10.0
RVNL,RAIL VIKAS NIGAM LIMITED,INE415G01027,NSE_EQ|INE415G01027,EQ,NORMAL,1,1.0
SAGILITY,SAGILITY LIMITED,INE0W2G01015,NSE_EQ|INE0W2G01015,EQ,NORMAL,1,1.0
SAIL,STEEL AUTHORITY OF INDIA,INE114A01011,NSE_EQ|INE114A01011,EQ,NORMAL,1,1.0
SAILIFE,SAI LIFE SCIENCES LIMITED,INE570L01029,NSE_EQ|INE570L01029,EQ,NORMAL,1,10.0
SAMMAANCAP,SAMMAAN CAPITAL LIMITED,INE148I01020,NSE_EQ|INE148I01020,EQ,NORMAL,1,1.0
SAPPHIRE,SAPPHIRE FOODS INDIA LTD,INE806T01020,NSE_EQ|INE806T01020,EQ,NORMAL,1,1.0
SARDAEN,SARDA ENERGY & MIN LTD,INE385C01021,NSE_EQ|INE385C01021,EQ,NORMAL,1,5.0
SAREGAMA,SAREGAMA INDIA LIMITED,INE979A01025,NSE_EQ|INE979A01025,EQ,NORMAL,1,5.0
SBFC,SBFC FINANCE LIMITED,INE423Y01016,NSE_EQ|INE423Y01016,EQ,NORMAL,1,1.0
SBICARD,SBI CARDS & PAY SER LTD,INE018E01016,NSE_EQ|INE018E01016,EQ,NORMAL,1,5.0
SBILIFE,SBI LIFE INSURANCE CO LTD,INE123W01016,NSE_EQ|INE123W01016,EQ,NORMAL,1,10.0
SBIN,STATE BANK OF INDIA,INE062A01020,NSE_EQ|INE062A01020,EQ,NORMAL,1,10.0
SCHAEFFLER,SCHAEFFLER INDIA LIMITED,INE513A01022,NSE_EQ|INE513A01022,EQ,NORMAL,1,10.0
SCHNEIDER,SCHNEIDER ELECTRIC INFRA,INE839M01018,NSE_EQ|INE839M01018,EQ,NORMAL,1,10.0
SCI,SHIPPING CORP OF INDIA LT,INE109A01011,NSE_EQ|INE109A01011,EQ,NORMAL,1,5.0
SHREECEM,SHREE CEMENT LIMITED,INE070A01015,NSE_EQ|INE070A01015,EQ,NORMAL,1,500.0
SHRIRAMFIN,SHRIRAM FINANCE LIMITED,INE721A01047,NSE_EQ|INE721A01047,EQ,NORMAL,1,10.0
SHYAMMETL,SHYAM METALICS AND ENGY L,INE810G01011,NSE_EQ|INE810G01011,EQ,NORMAL,1,10.0
SIEMENS,SIEMENS LTD,INE003A01024,NSE_EQ|INE003A01024,EQ,NORMAL,1,10.0
SIGNATURE,SIGNATUREGLOBAL INDIA LTD,INE903U01023,NSE_EQ|INE903U01023,EQ,NORMAL,1,5.0
SJVN,SJVN LTD,INE002L01015,NSE_EQ|INE002L01015,EQ,NORMAL,1,1.0
SOBHA,SOBHA LIMITED,INE671H01015,NSE_EQ|INE671H01015,EQ,NORMAL,1,10.0
SOLARINDS,SOLAR INDUSTRIES (I) LTD,INE343H01029,NSE_EQ|INE343H01029,EQ,NORMAL,1,100.0
SONACOMS,SONA BLW PRECISION FRGS L,INE073K01018,NSE_EQ|INE073K01018,EQ,NORMAL,1,5.0
SONATSOFTW,SONATA SOFTWARE LTD,INE269A01021,NSE_EQ|INE269A01021,EQ,NORMAL,1,5.0
SPLPETRO,SUPREME PETROCHEM LIMITED,INE663A01033,NSE_EQ|INE663A01033,EQ,NORMAL,1,5.0
SRF,SRF LTD,INE647A01010,NSE_EQ|INE647A01010,EQ,NORMAL,1,10.0
STARHEALTH,STAR HEALTH & AL INS CO L,INE575P01011,NSE_EQ|INE575P01011,EQ,NORMAL,1,5.0
SUMICHEM,SUMITOMO CHEM INDIA LTD,INE258G01013,NSE_EQ|INE258G01013,EQ,NORMAL,1,5.0
SUNDARMFIN,SUNDARAM FINANCE LTD,INE660A01013,NSE_EQ|INE660A01013,EQ,NORMAL,1,10.0
SUNPHARMA,SUN PHARMACEUTICAL IND L,INE044A01036,NSE_EQ|INE044A01036,EQ,NORMAL,1,10.0
SUNTV,SUN TV NETWORK LIMITED,INE424H01027,NSE_EQ|INE424H01027,EQ,NORMAL,1,5.0
SUPREMEIND,SUPREME INDUSTRIES LTD,INE195A01028,NSE_EQ|INE195A01028,EQ,NORMAL,1,10.0
SUZLON,SUZLON ENERGY LIMITED,INE040H01021,NSE_EQ|INE040H01021,EQ,NORMAL,1,1.0
SWANCORP,SWAN CORP LIMITED,INE665A01038,NSE_EQ|INE665A01038,EQ,NORMAL,1,5.0
SWIGGY,SWIGGY LIMITED,INE00H001014,NSE_EQ|INE00H001014,EQ,NORMAL,1,5.0
SYNGENE,SYNGENE INTERNATIONAL LTD,INE398R01022,NSE_EQ|INE398R01022,EQ,NORMAL,1,5.0
SYRMA,SYRMA SGS TECHNOLOGY LTD,INE0DYJ01015,NSE_EQ|INE0DYJ01015,EQ,NORMAL,1,10.0
TARIL,TRANS & RECTI. LTD,INE763I01026,NSE_EQ|INE763I01026,EQ,NORMAL,1,5.0
TATACAP,TATA CAPITAL LIMITED,INE976I01016,NSE_EQ|INE976I01016,EQ,NORMAL,1,5.0
TATACHEM,TATA CHEMICALS LTD,INE092A01019,NSE_EQ|INE092A01019,EQ,NORMAL,1,5.0
TATACOMM,TATA COMMUNICATIONS LTD,INE151A01013,NSE_EQ|INE151A01013,EQ,NORMAL,1,10.0
TATACONSUM,TATA CONSUMER PRODUCT LTD,INE192A01025,NSE_EQ|INE192A01025,EQ,NORMAL,1,10.0
TATAELXSI,TATA ELXSI LIMITED,INE670A01012,NSE_EQ|INE670A01012,EQ,NORMAL,1,10.0
TATAINVEST,TATA INVESTMENT CORP LTD,INE672A01026,NSE_EQ|INE672A01026,EQ,NORMAL,1,5.0
TATAPOWER,TATA POWER CO LTD,INE245A01021,NSE_EQ|INE245A01021,EQ,NORMAL,1,5.0
TATASTEEL,TATA STEEL LIMITED,INE081A01020,NSE_EQ|INE081A01020,EQ,NORMAL,1,1.0
TATATECH,TATA TECHNOLOGIES LIMITED,INE142M01025,NSE_EQ|INE142M01025,EQ,NORMAL,1,5.0
TBOTEK,TBO TEK LIMITED,INE673O01025,NSE_EQ|INE673O01025,EQ,NORMAL,1,10.0
TCS,TATA CONSULTANCY SERV LT,INE467B01029,NSE_EQ|INE467B01029,EQ,NORMAL,1,10.0
TECHM,TECH MAHINDRA LIMITED,INE669C01036,NSE_EQ|INE669C01036,EQ,NORMAL,1,10.0
TECHNOE,TECHNO ELEC & ENG CO. LTD,INE285K01026,NSE_EQ|INE285K01026,EQ,NORMAL,1,5.0
TEGA,TEGA INDUSTRIES LIMITED,INE011K01018,NSE_EQ|INE011K01018,EQ,NORMAL,1,10.0
TEJASNET,TEJAS NETWORKS LIMITED,INE010J01012,NSE_EQ|INE010J01012,EQ,NORMAL,1,5.0
TENNIND,TENNECO CLEAN AIR INDIA L,INE19RI01016,NSE_EQ|INE19RI01016,EQ,NORMAL,1,5.0
THELEELA,LEELA PALACES HOTEL LTD,INE0AQ201015,NSE_EQ|INE0AQ201015,EQ,NORMAL,1,5.0
THERMAX,THERMAX LTD,INE152A01029,NSE_EQ|INE152A01029,EQ,NORMAL,1,10.0
TIINDIA,TUBE INVEST OF INDIA LTD,INE974X01010,NSE_EQ|INE974X01010,EQ,NORMAL,1,10.0
TIMKEN,TIMKEN INDIA LTD.,INE325A01013,NSE_EQ|INE325A01013,EQ,NORMAL,1,10.0
TITAGARH,TITAGARH RAIL SYSTEMS LTD,INE615H01020,NSE_EQ|INE615H01020,EQ,NORMAL,1,5.0
TITAN,TITAN COMPANY LIMITED,INE280A01028,NSE_EQ|INE280A01028,EQ,NORMAL,1,10.0
TMCV,TATA MOTORS LIMITED,INE1TAE01010,NSE_EQ|INE1TAE01010,EQ,NORMAL,1,5.0
TMPV,TATA MOTORS PASS VEH LTD,INE155A01022,NSE_EQ|INE155A01022,EQ,NORMAL,1,5.0
TORNTPHARM,TORRENT PHARMACEUTICALS L,INE685A01028,NSE_EQ|INE685A01028,EQ,NORMAL,1,50.0
TORNTPOWER,TORRENT POWER LTD,INE813H01021,NSE_EQ|INE813H01021,EQ,NORMAL,1,10.0
TRAVELFOOD,TRAVEL FOOD SERVICES LTD,INE103V01028,NSE_EQ|INE103V01028,EQ,NORMAL,1,10.0
TRENT,TRENT LTD,INE849A01020,NSE_EQ|INE849A01020,EQ,NORMAL,1,10.0
TRIDENT,TRIDENT LIMITED,INE064C01022,NSE_EQ|INE064C01022,EQ,NORMAL,1,1.0
TRITURBINE,TRIVENI TURBINE LIMITED,INE152M01016,NSE_EQ|INE152M01016,EQ,NORMAL,1,5.0
TTML,TATA TELESERV(MAHARASTRA),INE517B01013,NSE_EQ|INE517B01013,EQ,NORMAL,1,1.0
TVSMOTOR,TVS MOTOR COMPANY  LTD,INE494B01023,NSE_EQ|INE494B01023,EQ,NORMAL,1,10.0
UBL,UNITED BREWERIES LTD,INE686F01025,NSE_EQ|INE686F01025,EQ,NORMAL,1,10.0
UCOBANK,UCO BANK,INE691A01018,NSE_EQ|INE691A01018,EQ,NORMAL,1,1.0
ULTRACEMCO,ULTRATECH CEMENT LIMITED,INE481G01011,NSE_EQ|INE481G01011,EQ,NORMAL,1,100.0
UNIONBANK,UNION BANK OF INDIA,INE692A01016,NSE_EQ|INE692A01016,EQ,NORMAL,1,1.0
UNITDSPR,UNITED SPIRITS LIMITED,INE854D01024,NSE_EQ|INE854D01024,EQ,NORMAL,1,10.0
UNOMINDA,UNO MINDA LIMITED,INE405E01023,NSE_EQ|INE405E01023,EQ,NORMAL,1,10.0
UPL,UPL LIMITED,INE628A01036,NSE_EQ|INE628A01036,EQ,NORMAL,1,5.0
URBANCO,URBAN COMPANY LIMITED,INE0CAZ01013,NSE_EQ|INE0CAZ01013,EQ,NORMAL,1,1.0
USHAMART,USHA MARTIN LTD.,INE228A01035,NSE_EQ|INE228A01035,EQ,NORMAL,1,5.0
UTIAMC,UTI ASSET MNGMT CO LTD,INE094J01016,NSE_EQ|INE094J01016,EQ,NORMAL,1,5.0
VBL,VARUN BEVERAGES LIMITED,INE200M01039,NSE_EQ|INE200M01039,EQ,NORMAL,1,5.0
VEDL,VEDANTA LIMITED,INE205A01025,NSE_EQ|INE205A01025,EQ,NORMAL,1,5.0
VIJAYA,VIJAYA DIAGNOSTIC CEN LTD,INE043W01024,NSE_EQ|INE043W01024,EQ,NORMAL,1,10.0
VMM,VISHAL MEGA MART LIMITED,INE01EA01019,NSE_EQ|INE01EA01019,EQ,NORMAL,1,1.0
VOLTAS,VOLTAS LTD,INE226A01021,NSE_EQ|INE226A01021,EQ,NORMAL,1,10.0
VTL,VARDHMAN TEXTILES LIMITED,INE825A01020,NSE_EQ|INE825A01020,EQ,NORMAL,1,5.0
WAAREEENER,WAAREE ENERGIES LIMITED,INE377N01017,NSE_EQ|INE377N01017,EQ,NORMAL,1,10.0
WELCORP,WELSPUN CORP LIMITED,INE191B01025,NSE_EQ|INE191B01025,EQ,NORMAL,1,10.0
WELSPUNLIV,WELSPUN LIVING LIMITED,INE192B01031,NSE_EQ|INE192B01031,EQ,NORMAL,1,1.0
WHIRLPOOL,WHIRLPOOL OF INDIA LTD,INE716A01013,NSE_EQ|INE716A01013,EQ,NORMAL,1,5.0
WIPRO,WIPRO LTD,INE075A01022,NSE_EQ|INE075A01022,EQ,NORMAL,1,1.0
WOCKPHARMA,WOCKHARDT LIMITED,INE049B01025,NSE_EQ|INE049B01025,EQ,NORMAL,1,10.0
YESBANK,YES BANK LIMITED,INE528G01035,NSE_EQ|INE528G01035,EQ,NORMAL,1,1.0
ZEEL,ZEE ENTERTAINMENT ENT LTD,INE256A01028,NSE_EQ|INE256A01028,EQ,NORMAL,1,1.0
ZENSARTECH,ZENSAR TECHNOLOGIES  LTD,INE520A01027,NSE_EQ|INE520A01027,EQ,NORMAL,1,5.0
ZENTEC,ZEN TECHNOLOGIES LIMITED,INE251B01027,NSE_EQ|INE251B01027,EQ,NORMAL,1,10.0
ZFCVINDIA,ZF COM VE CTR SYS IND LTD,INE342J01019,NSE_EQ|INE342J01019,EQ,NORMAL,1,10.0
ZYDUSLIFE,ZYDUS LIFESCIENCES LTD,INE010B01027,NSE_EQ|INE010B01027,EQ,NORMAL,1,10.0
ZYDUSWELL,ZYDUS WELLNESS LIMITED,INE768C01028,NSE_EQ|INE768C01028,EQ,NORMAL,1,5.0
